{"cameraMode":{"drawMode":0,"name":"Shaded","section":"Shading Mode"},"sceneLighting":false,"audioPlay":false,"sceneViewState":{"showFog":true,"showMaterialUpdate":false,"showSkybox":false,"showFlares":true,"showImageEffects":true,"showParticleSystems":true},"in2DMode":false,"pivot":{"x":7.46999979019165,"y":0.9986957311630249,"z":-0.27000004053115847},"rotation":{"x":0.0002509817131794989,"y":0.9902409315109253,"z":-0.13935449719429017,"w":0.001783291227184236},"size":4.34844446182251,"orthographic":false}